{
    "name": "root",
    "gauges": {
        "KartController.Policy.Entropy.mean": {
            "value": 1.0268892049789429,
            "min": 1.0268892049789429,
            "max": 1.1571799516677856,
            "count": 10
        },
        "KartController.Policy.Entropy.sum": {
            "value": 51323.921875,
            "min": 51323.921875,
            "max": 58009.4296875,
            "count": 10
        },
        "KartController.Step.mean": {
            "value": 499957.0,
            "min": 49995.0,
            "max": 499957.0,
            "count": 10
        },
        "KartController.Step.sum": {
            "value": 499957.0,
            "min": 49995.0,
            "max": 499957.0,
            "count": 10
        },
        "KartController.Policy.ExtrinsicValueEstimate.mean": {
            "value": 2.2498395442962646,
            "min": 2.1066815853118896,
            "max": 2.4328463077545166,
            "count": 10
        },
        "KartController.Policy.ExtrinsicValueEstimate.sum": {
            "value": 2159.845947265625,
            "min": 1995.0274658203125,
            "max": 2319.145751953125,
            "count": 10
        },
        "KartController.Environment.EpisodeLength.mean": {
            "value": 207.60251046025104,
            "min": 203.6872427983539,
            "max": 215.83116883116884,
            "count": 10
        },
        "KartController.Environment.EpisodeLength.sum": {
            "value": 49617.0,
            "min": 49341.0,
            "max": 50083.0,
            "count": 10
        },
        "KartController.Environment.CumulativeReward.mean": {
            "value": 7.458158995815899,
            "min": 6.985106382978723,
            "max": 8.067226890756302,
            "count": 10
        },
        "KartController.Environment.CumulativeReward.sum": {
            "value": 1782.5,
            "min": 1641.5,
            "max": 1925.0,
            "count": 10
        },
        "KartController.Policy.ExtrinsicReward.mean": {
            "value": 7.458158995815899,
            "min": 6.985106382978723,
            "max": 8.067226890756302,
            "count": 10
        },
        "KartController.Policy.ExtrinsicReward.sum": {
            "value": 1782.5,
            "min": 1641.5,
            "max": 1925.0,
            "count": 10
        },
        "KartController.Losses.PolicyLoss.mean": {
            "value": 0.025494899109277564,
            "min": 0.02065788937075316,
            "max": 0.026082067988657705,
            "count": 10
        },
        "KartController.Losses.PolicyLoss.sum": {
            "value": 0.12747449554638782,
            "min": 0.09068973465036834,
            "max": 0.13041033994328852,
            "count": 10
        },
        "KartController.Losses.ValueLoss.mean": {
            "value": 0.14449361587564152,
            "min": 0.07151243053376674,
            "max": 0.24051197239508232,
            "count": 10
        },
        "KartController.Losses.ValueLoss.sum": {
            "value": 0.7224680793782076,
            "min": 0.35756215266883373,
            "max": 1.1204020070532956,
            "count": 10
        },
        "KartController.Policy.LearningRate.mean": {
            "value": 1.655145448288e-05,
            "min": 1.655145448288e-05,
            "max": 0.00028462095512634994,
            "count": 10
        },
        "KartController.Policy.LearningRate.sum": {
            "value": 8.275727241439999e-05,
            "min": 8.275727241439999e-05,
            "max": 0.0012846612717796,
            "count": 10
        },
        "KartController.Policy.Epsilon.mean": {
            "value": 0.10551712000000002,
            "min": 0.10551712000000002,
            "max": 0.19487365,
            "count": 10
        },
        "KartController.Policy.Epsilon.sum": {
            "value": 0.5275856000000001,
            "min": 0.5001438000000001,
            "max": 0.9282204000000001,
            "count": 10
        },
        "KartController.Policy.Beta.mean": {
            "value": 0.000285304288,
            "min": 0.000285304288,
            "max": 0.004744195135,
            "count": 10
        },
        "KartController.Policy.Beta.sum": {
            "value": 0.00142652144,
            "min": 0.00142652144,
            "max": 0.02141819796,
            "count": 10
        },
        "KartController.IsTraining.mean": {
            "value": 1.0,
            "min": 1.0,
            "max": 1.0,
            "count": 10
        },
        "KartController.IsTraining.sum": {
            "value": 1.0,
            "min": 1.0,
            "max": 1.0,
            "count": 10
        }
    },
    "metadata": {
        "timer_format_version": "0.1.0",
        "start_time_seconds": "1635186560",
        "python_version": "3.7.9 (tags/v3.7.9:13c94747c7, Aug 17 2020, 18:58:18) [MSC v.1900 64 bit (AMD64)]",
        "command_line_arguments": "C:\\Users\\JohnB\\Unity\\Projeto TCC\\catbox-racing\\catbox-racing\\venv\\Scripts\\mlagents-learn --initialize-from Teste9_RL2 --run-id Teste9_RL3",
        "mlagents_version": "0.27.0",
        "mlagents_envs_version": "0.27.0",
        "communication_protocol_version": "1.5.0",
        "pytorch_version": "1.7.1+cu110",
        "numpy_version": "1.21.2",
        "end_time_seconds": "1635187786"
    },
    "total": 1226.6217246,
    "count": 1,
    "self": 0.016801200000372774,
    "children": {
        "run_training.setup": {
            "total": 0.11689650000000018,
            "count": 1,
            "self": 0.11689650000000018
        },
        "TrainerController.start_learning": {
            "total": 1226.4880268999998,
            "count": 1,
            "self": 2.726022400014699,
            "children": {
                "TrainerController._reset_env": {
                    "total": 14.411940000000001,
                    "count": 1,
                    "self": 14.411940000000001
                },
                "TrainerController.advance": {
                    "total": 1209.110262199985,
                    "count": 100029,
                    "self": 2.9248969999987366,
                    "children": {
                        "env_step": {
                            "total": 964.1974967999871,
                            "count": 100029,
                            "self": 738.5777278000146,
                            "children": {
                                "SubprocessEnvManager._take_step": {
                                    "total": 223.85987639996782,
                                    "count": 100029,
                                    "self": 7.329244799966688,
                                    "children": {
                                        "TorchPolicy.evaluate": {
                                            "total": 216.53063160000113,
                                            "count": 100029,
                                            "self": 35.76406719998235,
                                            "children": {
                                                "TorchPolicy.sample_actions": {
                                                    "total": 180.76656440001878,
                                                    "count": 100029,
                                                    "self": 180.76656440001878
                                                }
                                            }
                                        }
                                    }
                                },
                                "workers": {
                                    "total": 1.759892600004708,
                                    "count": 100029,
                                    "self": 0.0,
                                    "children": {
                                        "worker_root": {
                                            "total": 1207.4099843999913,
                                            "count": 100029,