{
    "name": "root",
    "gauges": {
        "KartController.Policy.Entropy.mean": {
            "value": 1.089116096496582,
            "min": 1.0548402070999146,
            "max": 1.1697742938995361,
            "count": 10
        },
        "KartController.Policy.Entropy.sum": {
            "value": 54368.67578125,
            "min": 52657.62109375,
            "max": 59518.11328125,
            "count": 10
        },
        "KartController.Step.mean": {
            "value": 499994.0,
            "min": 49984.0,
            "max": 499994.0,
            "count": 10
        },
        "KartController.Step.sum": {
            "value": 499994.0,
            "min": 49984.0,
            "max": 499994.0,
            "count": 10
        },
        "KartController.Policy.ExtrinsicValueEstimate.mean": {
            "value": 4.829969882965088,
            "min": 3.962170362472534,
            "max": 4.829969882965088,
            "count": 10
        },
        "KartController.Policy.ExtrinsicValueEstimate.sum": {
            "value": 3777.03662109375,
            "min": 3094.455078125,
            "max": 3777.03662109375,
            "count": 10
        },
        "KartController.Losses.PolicyLoss.mean": {
            "value": 0.02166408356987328,
            "min": 0.02166408356987328,
            "max": 0.025744373206204423,
            "count": 10
        },
        "KartController.Losses.PolicyLoss.sum": {
            "value": 0.1083204178493664,
            "min": 0.09085307220035854,
            "max": 0.12872186603102212,
            "count": 10
        },
        "KartController.Losses.ValueLoss.mean": {
            "value": 0.08323563873767853,
            "min": 0.08008954701324303,
            "max": 0.2194392841309309,
            "count": 10
        },
        "KartController.Losses.ValueLoss.sum": {
            "value": 0.41617819368839265,
            "min": 0.3373226913313071,
            "max": 0.8777571365237236,
            "count": 10
        },
        "KartController.Policy.LearningRate.mean": {
            "value": 1.4902895032399998e-05,
            "min": 1.4902895032399998e-05,
            "max": 0.00028416000527999995,
            "count": 10
        },
        "KartController.Policy.LearningRate.sum": {
            "value": 7.4514475162e-05,
            "min": 7.4514475162e-05,
            "max": 0.00127824007392,
            "count": 10
        },
        "KartController.Policy.Epsilon.mean": {
            "value": 0.10496760000000001,
            "min": 0.10496760000000001,
            "max": 0.19472,
            "count": 10
        },
        "KartController.Policy.Epsilon.sum": {
            "value": 0.524838,
            "min": 0.500158,
            "max": 0.9260799999999999,
            "count": 10
        },
        "KartController.Policy.Beta.mean": {
            "value": 0.00025788324000000005,
            "min": 0.00025788324000000005,
            "max": 0.004736528,
            "count": 10
        },
        "KartController.Policy.Beta.sum": {
            "value": 0.0012894162000000003,
            "min": 0.0012894162000000003,
            "max": 0.021311392000000002,
            "count": 10
        },
        "KartController.Environment.EpisodeLength.mean": {
            "value": 3199.0,
            "min": 2543.3333333333335,
            "max": 3199.0,
            "count": 10
        },
        "KartController.Environment.EpisodeLength.sum": {
            "value": 47985.0,
            "min": 45780.0,
            "max": 50120.0,
            "count": 10
        },
        "KartController.Environment.CumulativeReward.mean": {
            "value": 154.13333333333333,
            "min": 119.41666666666667,
            "max": 154.13333333333333,
            "count": 10
        },
        "KartController.Environment.CumulativeReward.sum": {
            "value": 2312.0,
            "min": 2037.0,
            "max": 2411.5,
            "count": 10
        },
        "KartController.Policy.ExtrinsicReward.mean": {
            "value": 154.13333333333333,
            "min": 119.41666666666667,
            "max": 154.13333333333333,
            "count": 10
        },
        "KartController.Policy.ExtrinsicReward.sum": {
            "value": 2312.0,
            "min": 2037.0,
            "max": 2411.5,
            "count": 10
        },
        "KartController.IsTraining.mean": {
            "value": 1.0,
            "min": 1.0,
            "max": 1.0,
            "count": 10
        },
        "KartController.IsTraining.sum": {
            "value": 1.0,
            "min": 1.0,
            "max": 1.0,
            "count": 10
        }
    },
    "metadata": {
        "timer_format_version": "0.1.0",
        "start_time_seconds": "1637289771",
        "python_version": "3.7.9 (tags/v3.7.9:13c94747c7, Aug 17 2020, 18:58:18) [MSC v.1900 64 bit (AMD64)]",
        "command_line_arguments": "C:\\Users\\JohnB\\Unity\\Projeto TCC\\catbox-racing\\catbox-racing\\venv\\Scripts\\mlagents-learn --initialize-from Teste12_RL34 --run-id Teste12_RL35",
        "mlagents_version": "0.27.0",
        "mlagents_envs_version": "0.27.0",
        "communication_protocol_version": "1.5.0",
        "pytorch_version": "1.7.1+cu110",
        "numpy_version": "1.21.2",
        "end_time_seconds": "1637290482"
    },
    "total": 710.8758119,
    "count": 1,
    "self": 0.04530829999998787,
    "children": {
        "run_training.setup": {
            "total": 0.13793809999999995,
            "count": 1,
            "self": 0.13793809999999995
        },
        "TrainerController.start_learning": {
            "total": 710.6925655,
            "count": 1,
            "self": 0.911972200000946,
            "children": {
                "TrainerController._reset_env": {
                    "total": 11.9549241,
                    "count": 1,
                    "self": 11.9549241
                },
                "TrainerController.advance": {
                    "total": 697.7169116999991,
                    "count": 33344,
                    "self": 1.0104658000026348,
                    "children": {
                        "env_step": {
                            "total": 469.4102484999964,
                            "count": 33344,
                            "self": 386.9992157999995,
                            "children": {
                                "SubprocessEnvManager._take_step": {
                                    "total": 81.79509559998789,
                                    "count": 33344,
                                    "self": 2.7737068999822725,
                                    "children": {
                                        "TorchPolicy.evaluate": {
                                            "total": 79.02138870000562,
                                            "count": 33344,
                                            "self": 12.40804669999821,
                                            "children": {
                                                "TorchPolicy.sample_actions": {
                                                    "total": 66.6133420000074,
                                                    "count": 33344,
                                                    "self": 66.6133420000074
                                                }
                                            }
                                        }
                                    }
                                },
                                "workers": {
                                    "total": 0.6159371000089937,
                                    "count": 33344,
                                    "self": 0.0,
                                    "children": {
                                        "worker_root": {
                                            "total": 696.8967879999972,
                                            "count": 33344,