{
    "name": "root",
    "gauges": {
        "KartController.Policy.Entropy.mean": {
            "value": 1.1886465549468994,
            "min": 0.9699555039405823,
            "max": 1.2221639156341553,
            "count": 10
        },
        "KartController.Policy.Entropy.sum": {
            "value": 59408.5546875,
            "min": 48706.31640625,
            "max": 61138.75,
            "count": 10
        },
        "KartController.Step.mean": {
            "value": 499963.0,
            "min": 49962.0,
            "max": 499963.0,
            "count": 10
        },
        "KartController.Step.sum": {
            "value": 499963.0,
            "min": 49962.0,
            "max": 499963.0,
            "count": 10
        },
        "KartController.Policy.ExtrinsicValueEstimate.mean": {
            "value": 2.411095142364502,
            "min": 2.3139591217041016,
            "max": 2.5721213817596436,
            "count": 10
        },
        "KartController.Policy.ExtrinsicValueEstimate.sum": {
            "value": 2251.962890625,
            "min": 2154.2958984375,
            "max": 2425.510498046875,
            "count": 10
        },
        "KartController.Environment.EpisodeLength.mean": {
            "value": 215.08695652173913,
            "min": 208.18987341772151,
            "max": 220.86283185840708,
            "count": 10
        },
        "KartController.Environment.EpisodeLength.sum": {
            "value": 49470.0,
            "min": 49341.0,
            "max": 49964.0,
            "count": 10
        },
        "KartController.Environment.CumulativeReward.mean": {
            "value": 8.126086956521739,
            "min": 7.783185840707965,
            "max": 8.55982905982906,
            "count": 10
        },
        "KartController.Environment.CumulativeReward.sum": {
            "value": 1869.0,
            "min": 1759.0,
            "max": 2003.0,
            "count": 10
        },
        "KartController.Policy.ExtrinsicReward.mean": {
            "value": 8.126086956521739,
            "min": 7.783185840707965,
            "max": 8.55982905982906,
            "count": 10
        },
        "KartController.Policy.ExtrinsicReward.sum": {
            "value": 1869.0,
            "min": 1759.0,
            "max": 2003.0,
            "count": 10
        },
        "KartController.Losses.PolicyLoss.mean": {
            "value": 0.02407842613164879,
            "min": 0.020679674698718977,
            "max": 0.025738192278079927,
            "count": 10
        },
        "KartController.Losses.PolicyLoss.sum": {
            "value": 0.12039213065824395,
            "min": 0.10155540934986979,
            "max": 0.12790067080139428,
            "count": 10
        },
        "KartController.Losses.ValueLoss.mean": {
            "value": 0.08243335758646328,
            "min": 0.04113735621174176,
            "max": 0.12441340815275906,
            "count": 10
        },
        "KartController.Losses.ValueLoss.sum": {
            "value": 0.4121667879323164,
            "min": 0.20568678105870883,
            "max": 0.5904991486420235,
            "count": 10
        },
        "KartController.Policy.LearningRate.mean": {
            "value": 1.6360174546640006e-05,
            "min": 1.6360174546640006e-05,
            "max": 0.00028461105512965,
            "count": 10
        },
        "KartController.Policy.LearningRate.sum": {
            "value": 8.180087273320002e-05,
            "min": 8.180087273320002e-05,
            "max": 0.0012843234718922002,
            "count": 10
        },
        "KartController.Policy.Epsilon.mean": {
            "value": 0.10545336000000002,
            "min": 0.10545336000000002,
            "max": 0.19487035000000003,
            "count": 10
        },
        "KartController.Policy.Epsilon.sum": {
            "value": 0.5272668000000001,
            "min": 0.49989199999999995,
            "max": 0.9281078,
            "count": 10
        },
        "KartController.Policy.Beta.mean": {
            "value": 0.0002821226640000001,
            "min": 0.0002821226640000001,
            "max": 0.004744030465,
            "count": 10
        },
        "KartController.Policy.Beta.sum": {
            "value": 0.0014106133200000005,
            "min": 0.0014106133200000005,
            "max": 0.021412579220000002,
            "count": 10
        },
        "KartController.IsTraining.mean": {
            "value": 1.0,
            "min": 1.0,
            "max": 1.0,
            "count": 10
        },
        "KartController.IsTraining.sum": {
            "value": 1.0,
            "min": 1.0,
            "max": 1.0,
            "count": 10
        }
    },
    "metadata": {
        "timer_format_version": "0.1.0",
        "start_time_seconds": "1635430236",
        "python_version": "3.7.9 (tags/v3.7.9:13c94747c7, Aug 17 2020, 18:58:18) [MSC v.1900 64 bit (AMD64)]",
        "command_line_arguments": "C:\\Users\\JohnB\\Unity\\Projeto TCC\\catbox-racing\\catbox-racing\\venv\\Scripts\\mlagents-learn --initialize-from Teste9_RL4 --run-id Teste9_RL5",
        "mlagents_version": "0.27.0",
        "mlagents_envs_version": "0.27.0",
        "communication_protocol_version": "1.5.0",
        "pytorch_version": "1.7.1+cu110",
        "numpy_version": "1.21.2",
        "end_time_seconds": "1635431518"
    },
    "total": 1281.2693375,
    "count": 1,
    "self": 0.2261607999998887,
    "children": {
        "run_training.setup": {
            "total": 0.5897608000000001,
            "count": 1,
            "self": 0.5897608000000001
        },
        "TrainerController.start_learning": {
            "total": 1280.4534159,
            "count": 1,
            "self": 2.798474000009719,
            "children": {
                "TrainerController._reset_env": {
                    "total": 50.2007106,
                    "count": 1,
                    "self": 50.2007106
                },
                "TrainerController.advance": {
                    "total": 1227.2100550999899,
                    "count": 100041,
                    "self": 3.1337219999884383,
                    "children": {
                        "env_step": {
                            "total": 978.4964958000006,
                            "count": 100041,
                            "self": 746.9886936999922,
                            "children": {
                                "SubprocessEnvManager._take_step": {
                                    "total": 229.67101830002147,
                                    "count": 100041,
                                    "self": 7.636662300034715,
                                    "children": {
                                        "TorchPolicy.evaluate": {
                                            "total": 222.03435599998676,
                                            "count": 100041,
                                            "self": 36.61858530000106,
                                            "children": {
                                                "TorchPolicy.sample_actions": {
                                                    "total": 185.4157706999857,
                                                    "count": 100041,
                                                    "self": 185.4157706999857
                                                }
                                            }
                                        }
                                    }
                                },
                                "workers": {
                                    "total": 1.8367837999869892,
                                    "count": 100041,
                                    "self": 0.0,
                                    "children": {
                                        "worker_root": {
                                            "total": 1226.3093575000073,
                                            "count": 100041,