{
    "name": "root",
    "gauges": {
        "KartController.Policy.Entropy.mean": {
            "value": 0.22184114158153534,
            "min": 0.09609878063201904,
            "max": 2.890270948410034,
            "count": 50
        },
        "KartController.Policy.Entropy.sum": {
            "value": 2236.15869140625,
            "min": 937.924072265625,
            "max": 29365.15234375,
            "count": 50
        },
        "KartController.Step.mean": {
            "value": 499984.0,
            "min": 9968.0,
            "max": 499984.0,
            "count": 50
        },
        "KartController.Step.sum": {
            "value": 499984.0,
            "min": 9968.0,
            "max": 499984.0,
            "count": 50
        },
        "KartController.Policy.ExtrinsicValueEstimate.mean": {
            "value": -0.8199063539505005,
            "min": -1.0559194087982178,
            "max": 0.05713902786374092,
            "count": 50
        },
        "KartController.Policy.ExtrinsicValueEstimate.sum": {
            "value": -130.3651123046875,
            "min": -166.83526611328125,
            "max": 8.970827102661133,
            "count": 50
        },
        "KartController.Policy.GailValueEstimate.mean": {
            "value": 39.290283203125,
            "min": 0.08221032470464706,
            "max": 59.35797882080078,
            "count": 50
        },
        "KartController.Policy.GailValueEstimate.sum": {
            "value": 6247.1552734375,
            "min": 12.907021522521973,
            "max": 9378.560546875,
            "count": 50
        },
        "KartController.Environment.EpisodeLength.mean": {
            "value": 1199.0,
            "min": 1199.0,
            "max": 1199.0,
            "count": 50
        },
        "KartController.Environment.EpisodeLength.sum": {
            "value": 11990.0,
            "min": 5995.0,
            "max": 11990.0,
            "count": 50
        },
        "KartController.Environment.CumulativeReward.mean": {
            "value": -93.36000867187977,
            "min": -123.93334463238716,
            "max": -2.2,
            "count": 50
        },
        "KartController.Environment.CumulativeReward.sum": {
            "value": -933.6000867187977,
            "min": -1126.2001029253006,
            "max": -11.0,
            "count": 50
        },
        "KartController.Policy.ExtrinsicReward.mean": {
            "value": -9.33600084297359,
            "min": -12.393334245619675,
            "max": -0.22000000327825547,
            "count": 50
        },
        "KartController.Policy.ExtrinsicReward.sum": {
            "value": -93.3600084297359,
            "min": -112.62000923603773,
            "max": -1.1000000163912773,
            "count": 50
        },
        "KartController.Policy.GailReward.mean": {
            "value": 525.7930184886325,
            "min": 283.12496811048027,
            "max": 1175.336257558937,
            "count": 50
        },
        "KartController.Policy.GailReward.sum": {
            "value": 5257.930184886325,
            "min": 1875.2078823335469,
            "max": 7622.7917650491,
            "count": 50
        },
        "KartController.IsTraining.mean": {
            "value": 1.0,
            "min": 1.0,
            "max": 1.0,
            "count": 50
        },
        "KartController.IsTraining.sum": {
            "value": 1.0,
            "min": 1.0,
            "max": 1.0,
            "count": 50
        },
        "KartController.Losses.PolicyLoss.mean": {
            "value": 0.04853323955127659,
            "min": 0.042254632851108906,
            "max": 0.059631874362579156,
            "count": 47
        },
        "KartController.Losses.PolicyLoss.sum": {
            "value": 0.04853323955127659,
            "min": 0.042254632851108906,
            "max": 0.059631874362579156,
            "count": 47
        },
        "KartController.Losses.ValueLoss.mean": {
            "value": 159.35258019765217,
            "min": 29.21067657470703,
            "max": 159.35258019765217,
            "count": 47
        },
        "KartController.Losses.ValueLoss.sum": {
            "value": 159.35258019765217,
            "min": 29.21067657470703,
            "max": 159.35258019765217,
            "count": 47
        },
        "KartController.Policy.LearningRate.mean": {
            "value": 6.096097968000004e-06,
            "min": 6.096097968000004e-06,
            "max": 0.000293712002096,
            "count": 47
        },
        "KartController.Policy.LearningRate.sum": {
            "value": 6.096097968000004e-06,
            "min": 6.096097968000004e-06,
            "max": 0.000293712002096,
            "count": 47
        },
        "KartController.Policy.Epsilon.mean": {
            "value": 0.10203199999999998,
            "min": 0.10203199999999998,
            "max": 0.197904,
            "count": 47
        },
        "KartController.Policy.Epsilon.sum": {
            "value": 0.10203199999999998,
            "min": 0.10203199999999998,
            "max": 0.197904,
            "count": 47
        },
        "KartController.Policy.Beta.mean": {
            "value": 1.995680000000001e-05,
            "min": 1.995680000000001e-05,
            "max": 0.0004897295999999999,
            "count": 47
        },
        "KartController.Policy.Beta.sum": {
            "value": 1.995680000000001e-05,
            "min": 1.995680000000001e-05,
            "max": 0.0004897295999999999,
            "count": 47
        },
        "KartController.Policy.GAILPolicyEstimate.mean": {
            "value": 0.23848228851954142,
            "min": 0.11524569212148587,
            "max": 0.5578295561174552,
            "count": 47
        },
        "KartController.Policy.GAILPolicyEstimate.sum": {
            "value": 0.23848228851954142,
            "min": 0.11524569212148587,
            "max": 0.5578295561174552,
            "count": 47
        },
        "KartController.Policy.GAILExpertEstimate.mean": {
            "value": 0.7684750224153201,
            "min": 0.5723635757962863,
            "max": 0.8453993439674378,
            "count": 47
        },
        "KartController.Policy.GAILExpertEstimate.sum": {
            "value": 0.7684750224153201,
            "min": 0.5723635757962863,
            "max": 0.8453993439674378,
            "count": 47
        },
        "KartController.Losses.GAILLoss.mean": {
            "value": 0.7103083948294322,
            "min": 0.3990625170369943,
            "max": 1.4124942849079767,
            "count": 47
        },
        "KartController.Losses.GAILLoss.sum": {
            "value": 0.7103083948294322,
            "min": 0.3990625170369943,
            "max": 1.4124942849079767,
            "count": 47
        },
        "KartController.Policy.GAILGradMagLoss.mean": {
            "value": 0.010283234888144458,
            "min": 0.006772828942242389,
            "max": 4.901502003831168,
            "count": 47
        },
        "KartController.Policy.GAILGradMagLoss.sum": {
            "value": 0.010283234888144458,
            "min": 0.006772828942242389,
            "max": 4.901502003831168,
            "count": 47
        },
        "KartController.Losses.PretrainingLoss.mean": {
            "value": 0.18748954827325387,
            "min": 0.18748954827325387,
            "max": 0.7865435381730398,
            "count": 47
        },
        "KartController.Losses.PretrainingLoss.sum": {
            "value": 0.18748954827325387,
            "min": 0.18748954827325387,
            "max": 0.7865435381730398,
            "count": 47
        }
    },
    "metadata": {
        "timer_format_version": "0.1.0",
        "start_time_seconds": "1635025619",
        "python_version": "3.7.9 (tags/v3.7.9:13c94747c7, Aug 17 2020, 18:58:18) [MSC v.1900 64 bit (AMD64)]",