{
    "name": "root",
    "gauges": {
        "KartController.Policy.Entropy.mean": {
            "value": 2.824066638946533,
            "min": 2.824066638946533,
            "max": 2.8746819496154785,
            "count": 4
        },
        "KartController.Policy.Entropy.sum": {
            "value": 140977.40625,
            "min": 140977.40625,
            "max": 145343.921875,
            "count": 4
        },
        "KartController.Step.mean": {
            "value": 199936.0,
            "min": 49984.0,
            "max": 199936.0,
            "count": 4
        },
        "KartController.Step.sum": {
            "value": 199936.0,
            "min": 49984.0,
            "max": 199936.0,
            "count": 4
        },
        "KartController.Policy.ExtrinsicValueEstimate.mean": {
            "value": 0.059238746762275696,
            "min": 0.059238746762275696,
            "max": 0.3793206512928009,
            "count": 4
        },
        "KartController.Policy.ExtrinsicValueEstimate.sum": {
            "value": 46.85784912109375,
            "min": 46.85784912109375,
            "max": 300.0426330566406,
            "count": 4
        },
        "KartController.Losses.PolicyLoss.mean": {
            "value": 0.024859666351791623,
            "min": 0.022865174381149697,
            "max": 0.024859666351791623,
            "count": 4
        },
        "KartController.Losses.PolicyLoss.sum": {
            "value": 0.12429833175895812,
            "min": 0.09146069752459879,
            "max": 0.12429833175895812,
            "count": 4
        },
        "KartController.Losses.ValueLoss.mean": {
            "value": 0.002624464663579905,
            "min": 0.0008490709229469453,
            "max": 0.008124560005186746,
            "count": 4
        },
        "KartController.Losses.ValueLoss.sum": {
            "value": 0.013122323317899524,
            "min": 0.0036317980153398825,
            "max": 0.032498240020746985,
            "count": 4
        },
        "KartController.Policy.LearningRate.mean": {
            "value": 0.000196896034368,
            "min": 0.000196896034368,
            "max": 0.000283824005392,
            "count": 4
        },
        "KartController.Policy.LearningRate.sum": {
            "value": 0.00098448017184,
            "min": 0.00090336009888,
            "max": 0.0012744000752,
            "count": 4
        },
        "KartController.Policy.Epsilon.mean": {
            "value": 0.165632,
            "min": 0.165632,
            "max": 0.19460800000000003,
            "count": 4
        },
        "KartController.Policy.Epsilon.sum": {
            "value": 0.82816,
            "min": 0.70112,
            "max": 0.9248000000000001,
            "count": 4
        },
        "KartController.Policy.Beta.mean": {
            "value": 0.0032850368000000006,
            "min": 0.0032850368000000006,
            "max": 0.004730939200000001,
            "count": 4
        },
        "KartController.Policy.Beta.sum": {
            "value": 0.016425184000000002,
            "min": 0.015065888000000001,
            "max": 0.021247520000000002,
            "count": 4
        },
        "KartController.Environment.EpisodeLength.mean": {
            "value": 1199.0,
            "min": 1199.0,
            "max": 1199.0,
            "count": 4
        },
        "KartController.Environment.EpisodeLength.sum": {
            "value": 47960.0,
            "min": 47960.0,
            "max": 47960.0,
            "count": 4
        },
        "KartController.Environment.CumulativeReward.mean": {
            "value": -0.3,
            "min": -0.9,
            "max": -0.025,
            "count": 4
        },
        "KartController.Environment.CumulativeReward.sum": {
            "value": -12.0,
            "min": -36.0,
            "max": -1.0,
            "count": 4
        },
        "KartController.Policy.ExtrinsicReward.mean": {
            "value": -0.3,
            "min": -0.9,
            "max": -0.025,
            "count": 4
        },
        "KartController.Policy.ExtrinsicReward.sum": {
            "value": -12.0,
            "min": -36.0,
            "max": -1.0,
            "count": 4
        },
        "KartController.IsTraining.mean": {
            "value": 1.0,
            "min": 1.0,
            "max": 1.0,
            "count": 4
        },
        "KartController.IsTraining.sum": {
            "value": 1.0,
            "min": 1.0,
            "max": 1.0,
            "count": 4
        }
    },
    "metadata": {
        "timer_format_version": "0.1.0",
        "start_time_seconds": "1635009722",
        "python_version": "3.7.9 (tags/v3.7.9:13c94747c7, Aug 17 2020, 18:58:18) [MSC v.1900 64 bit (AMD64)]",
        "command_line_arguments": "C:\\Users\\JohnB\\Unity\\Projeto TCC\\catbox-racing\\catbox-racing\\venv\\Scripts\\mlagents-learn --run-id Teste4",
        "mlagents_version": "0.27.0",
        "mlagents_envs_version": "0.27.0",
        "communication_protocol_version": "1.5.0",
        "pytorch_version": "1.7.1+cu110",
        "numpy_version": "1.21.2",
        "end_time_seconds": "1635010099"
    },
    "total": 377.4517857,
    "count": 1,
    "self": 0.014344600000015362,
    "children": {
        "run_training.setup": {
            "total": 0.13053779999999993,
            "count": 1,
            "self": 0.13053779999999993
        },
        "TrainerController.start_learning": {
            "total": 377.3069033,
            "count": 1,
            "self": 0.5887929999976222,
            "children": {
                "TrainerController._reset_env": {
                    "total": 8.5664579,
                    "count": 1,
                    "self": 8.5664579
                },
                "TrainerController.advance": {
                    "total": 367.8764496000024,
                    "count": 21134,
                    "self": 0.6309330000034379,
                    "children": {
                        "env_step": {
                            "total": 273.5530922000003,
                            "count": 21134,
                            "self": 222.5767551000051,
                            "children": {
                                "SubprocessEnvManager._take_step": {
                                    "total": 50.601360999998974,
                                    "count": 21134,
                                    "self": 1.6939461999984786,
                                    "children": {
                                        "TorchPolicy.evaluate": {
                                            "total": 48.907414800000495,
                                            "count": 21134,
                                            "self": 7.690144400001557,
                                            "children": {
                                                "TorchPolicy.sample_actions": {
                                                    "total": 41.21727039999894,
                                                    "count": 21134,
                                                    "self": 41.21727039999894
                                                }
                                            }
                                        }
                                    }
                                },
                                "workers": {
                                    "total": 0.37497609999625325,
                                    "count": 21133,
                                    "self": 0.0,
                                    "children": {
                                        "worker_root": {
                                            "total": 367.53436989999676,
                                            "count": 21133,
                                            "is_parallel": true,
                                            "self": 181.7792075999987,