{"count":1,"self":77.761171199999993,"total":84.2283325,"children":{"InitializeActuators":{"count":3,"self":0.0019944,"total":0.0019944,"children":null},"InitializeSensors":{"count":3,"self":0.0029917,"total":0.0029917,"children":null},"AgentSendState":{"count":3923,"self":0.81557209999999991,"total":1.1775487999999998,"children":{"CollectObservations":{"count":11769,"self":0.1591775,"total":0.1591775,"children":null},"WriteActionMask":{"count":11769,"self":0.065710499999999991,"total":0.065710499999999991,"children":null},"RequestDecision":{"count":11769,"self":0.13708869999999998,"total":0.13708869999999998,"children":null}}},"DecideAction":{"count":3923,"self":5.1576488,"total":5.2338755,"children":{"RayPerceptionSensor.Perceive":{"count":11769,"self":0.076226599999999992,"total":0.076226599999999992,"children":null}}},"AgentAct":{"count":3923,"self":0.048756799999999996,"total":0.048756799999999996,"children":null}},"gauges":{},"metadata":{"timer_format_version":"0.1.0","start_time_seconds":"1637806484","unity_version":"2019.4.29f1","command_line_arguments":"C:\\Program Files\\Unity Versions\\2019.4.29f1\\Editor\\Unity.exe -projectpath C:\/Users\/JohnB\/Unity\/Projeto TCC\/catbox-racing\/catbox-racing -useHub -hubIPC -cloudEnvironment production -hubSessionId 55dfb020-4d78-11ec-8492-d3c7ab0ef2f2 -accessToken tYPjNgZgOfw5sFhcyPNqJzQqLcS61YAmaXwa2kjmmJY004f","communication_protocol_version":"1.5.0","com.unity.ml-agents_version":"2.1.0-exp.1","scene_name":"SampleScene","end_time_seconds":"1637806568"}}