{"count":1,"self":25.362232,"total":26.8742976,"children":{"InitializeActuators":{"count":3,"self":0.0019909,"total":0.0019909,"children":null},"InitializeSensors":{"count":3,"self":0.0029920999999999997,"total":0.0029920999999999997,"children":null},"AgentSendState":{"count":1067,"self":0.17828909999999998,"total":0.2812182,"children":{"CollectObservations":{"count":3201,"self":0.0376264,"total":0.0376264,"children":null},"WriteActionMask":{"count":3201,"self":0.013777699999999999,"total":0.013777699999999999,"children":null},"RequestDecision":{"count":3201,"self":0.051524999999999994,"total":0.051524999999999994,"children":null}}},"DecideAction":{"count":1067,"self":1.1931631,"total":1.2149516999999999,"children":{"RayPerceptionSensor.Perceive":{"count":3201,"self":0.021788599999999998,"total":0.021788599999999998,"children":null}}},"AgentAct":{"count":1067,"self":0.0099145999999999991,"total":0.0099145999999999991,"children":null}},"gauges":{},"metadata":{"timer_format_version":"0.1.0","start_time_seconds":"1638412313","unity_version":"2019.4.29f1","command_line_arguments":"C:\\Program Files\\Unity Versions\\2019.4.29f1\\Editor\\Unity.exe -projectpath C:\/Users\/JohnB\/Unity\/Projeto TCC\/catbox-racing\/catbox-racing -useHub -hubIPC -cloudEnvironment production -hubSessionId 48984af0-52f8-11ec-8f65-556abb27a3bc -accessToken QAmTGrm4kdbG3mR4DliEpfyFIlMLQGkjEYhwh32Jebg004f","communication_protocol_version":"1.5.0","com.unity.ml-agents_version":"2.1.0-exp.1","scene_name":"TrackOne","end_time_seconds":"1638412340"}}