{
    "name": "root",
    "gauges": {
        "KartController.Policy.Entropy.mean": {
            "value": 2.863614559173584,
            "min": 2.8588738441467285,
            "max": 2.863614559173584,
            "count": 2
        },
        "KartController.Policy.Entropy.sum": {
            "value": 142951.640625,
            "min": 142951.640625,
            "max": 144544.65625,
            "count": 2
        },
        "KartController.Step.mean": {
            "value": 99968.0,
            "min": 49984.0,
            "max": 99968.0,
            "count": 2
        },
        "KartController.Step.sum": {
            "value": 99968.0,
            "min": 49984.0,
            "max": 99968.0,
            "count": 2
        },
        "KartController.Policy.ExtrinsicValueEstimate.mean": {
            "value": 0.06462167948484421,
            "min": 0.06462167948484421,
            "max": 0.21003080904483795,
            "count": 2
        },
        "KartController.Policy.ExtrinsicValueEstimate.sum": {
            "value": 51.115745544433594,
            "min": 51.115745544433594,
            "max": 166.13436889648438,
            "count": 2
        },
        "KartController.Losses.PolicyLoss.mean": {
            "value": 0.023307391187675726,
            "min": 0.021963834669926047,
            "max": 0.023307391187675726,
            "count": 2
        },
        "KartController.Losses.PolicyLoss.sum": {
            "value": 0.11653695593837862,
            "min": 0.08785533867970419,
            "max": 0.11653695593837862,
            "count": 2
        },
        "KartController.Losses.ValueLoss.mean": {
            "value": 0.007965956118617517,
            "min": 0.007965956118617517,
            "max": 0.014608851305092686,
            "count": 2
        },
        "KartController.Losses.ValueLoss.sum": {
            "value": 0.03982978059308758,
            "min": 0.03982978059308758,
            "max": 0.058435405220370745,
            "count": 2
        },
        "KartController.Policy.LearningRate.mean": {
            "value": 0.00025488001504000003,
            "min": 0.00025488001504000003,
            "max": 0.000283824005392,
            "count": 2
        },
        "KartController.Policy.LearningRate.sum": {
            "value": 0.0012744000752,
            "min": 0.001135296021568,
            "max": 0.0012744000752,
            "count": 2
        },
        "KartController.Policy.Epsilon.mean": {
            "value": 0.18496,
            "min": 0.18496,
            "max": 0.19460800000000003,
            "count": 2
        },
        "KartController.Policy.Epsilon.sum": {
            "value": 0.9248000000000001,
            "min": 0.7784320000000001,
            "max": 0.9248000000000001,
            "count": 2
        },
        "KartController.Policy.Beta.mean": {
            "value": 0.004249504,
            "min": 0.004249504,
            "max": 0.004730939200000001,
            "count": 2
        },
        "KartController.Policy.Beta.sum": {
            "value": 0.021247520000000002,
            "min": 0.018923756800000004,
            "max": 0.021247520000000002,
            "count": 2
        },
        "KartController.Environment.EpisodeLength.mean": {
            "value": 1199.0,
            "min": 1199.0,
            "max": 1199.0,
            "count": 2
        },
        "KartController.Environment.EpisodeLength.sum": {
            "value": 47960.0,
            "min": 47960.0,
            "max": 47960.0,
            "count": 2
        },
        "KartController.Environment.CumulativeReward.mean": {
            "value": -1.2,
            "min": -1.2,
            "max": -0.475,
            "count": 2
        },
        "KartController.Environment.CumulativeReward.sum": {
            "value": -48.0,
            "min": -48.0,
            "max": -19.0,
            "count": 2
        },
        "KartController.Policy.ExtrinsicReward.mean": {
            "value": -1.2,
            "min": -1.2,
            "max": -0.475,
            "count": 2
        },
        "KartController.Policy.ExtrinsicReward.sum": {
            "value": -48.0,
            "min": -48.0,
            "max": -19.0,
            "count": 2
        },
        "KartController.IsTraining.mean": {
            "value": 1.0,
            "min": 1.0,
            "max": 1.0,
            "count": 2
        },
        "KartController.IsTraining.sum": {
            "value": 1.0,
            "min": 1.0,
            "max": 1.0,
            "count": 2
        }
    },
    "metadata": {
        "timer_format_version": "0.1.0",
        "start_time_seconds": "1635009095",
        "python_version": "3.7.9 (tags/v3.7.9:13c94747c7, Aug 17 2020, 18:58:18) [MSC v.1900 64 bit (AMD64)]",
        "command_line_arguments": "C:\\Users\\JohnB\\Unity\\Projeto TCC\\catbox-racing\\catbox-racing\\venv\\Scripts\\mlagents-learn --run-id Teste3",
        "mlagents_version": "0.27.0",
        "mlagents_envs_version": "0.27.0",
        "communication_protocol_version": "1.5.0",
        "pytorch_version": "1.7.1+cu110",
        "numpy_version": "1.21.2",
        "end_time_seconds": "1635009304"
    },
    "total": 208.8886942,
    "count": 1,
    "self": 0.025516199999998435,
    "children": {
        "run_training.setup": {
            "total": 0.14641520000000008,
            "count": 1,
            "self": 0.14641520000000008
        },
        "TrainerController.start_learning": {
            "total": 208.7167628,
            "count": 1,
            "self": 0.3370657999996638,
            "children": {
                "TrainerController._reset_env": {
                    "total": 7.8329101,
                    "count": 1,
                    "self": 7.8329101
                },
                "TrainerController.advance": {
                    "total": 200.20171500000035,
                    "count": 12617,
                    "self": 0.37505759999859833,
                    "children": {
                        "env_step": {
                            "total": 146.67319030000147,
                            "count": 12617,
                            "self": 116.2271925000026,
                            "children": {
                                "SubprocessEnvManager._take_step": {
                                    "total": 30.224591399999277,
                                    "count": 12617,
                                    "self": 0.9957699999998226,
                                    "children": {
                                        "TorchPolicy.evaluate": {
                                            "total": 29.228821399999454,
                                            "count": 12617,
                                            "self": 4.611017599999627,
                                            "children": {
                                                "TorchPolicy.sample_actions": {
                                                    "total": 24.617803799999827,
                                                    "count": 12617,
                                                    "self": 24.617803799999827
                                                }
                                            }
                                        }
                                    }
                                },
                                "workers": {
                                    "total": 0.22140639999958367,
                                    "count": 12616,
                                    "self": 0.0,
                                    "children": {
                                        "worker_root": {
                                            "total": 200.11819610000057,
                                            "count": 12616,
                                            "is_parallel": true,
                                            "self": 105.69803289999959,