{
    "name": "root",
    "gauges": {
        "KartController.Policy.Entropy.mean": {
            "value": 0.5143901109695435,
            "min": 0.48018133640289307,
            "max": 0.5761761665344238,
            "count": 50
        },
        "KartController.Policy.Entropy.sum": {
            "value": 5138.75732421875,
            "min": 4847.4306640625,
            "max": 5767.5234375,
            "count": 50
        },
        "KartController.Step.mean": {
            "value": 499997.0,
            "min": 9994.0,
            "max": 499997.0,
            "count": 50
        },
        "KartController.Step.sum": {
            "value": 499997.0,
            "min": 9994.0,
            "max": 499997.0,
            "count": 50
        },
        "KartController.Policy.ExtrinsicValueEstimate.mean": {
            "value": 0.8230717778205872,
            "min": 0.6705467104911804,
            "max": 0.9012871980667114,
            "count": 50
        },
        "KartController.Policy.ExtrinsicValueEstimate.sum": {
            "value": 150.62213134765625,
            "min": 118.01622009277344,
            "max": 166.73812866210938,
            "count": 50
        },
        "KartController.Policy.GailValueEstimate.mean": {
            "value": 18.254182815551758,
            "min": 14.899072647094727,
            "max": 19.272781372070312,
            "count": 50
        },
        "KartController.Policy.GailValueEstimate.sum": {
            "value": 3340.515625,
            "min": 2622.23681640625,
            "max": 3604.01025390625,
            "count": 50
        },
        "KartController.Environment.EpisodeLength.mean": {
            "value": 183.21818181818182,
            "min": 157.1904761904762,
            "max": 207.74468085106383,
            "count": 50
        },
        "KartController.Environment.EpisodeLength.sum": {
            "value": 10077.0,
            "min": 9194.0,
            "max": 10464.0,
            "count": 50
        },
        "KartController.Environment.CumulativeReward.mean": {
            "value": 5.5181818181818185,
            "min": 3.28125,
            "max": 7.73404255319149,
            "count": 50
        },
        "KartController.Environment.CumulativeReward.sum": {
            "value": 303.5,
            "min": 210.0,
            "max": 364.5,
            "count": 50
        },
        "KartController.Policy.ExtrinsicReward.mean": {
            "value": 2.207272772355513,
            "min": 1.312500033294782,
            "max": 3.0936170743500933,
            "count": 50
        },
        "KartController.Policy.ExtrinsicReward.sum": {
            "value": 121.40000247955322,
            "min": 84.00000213086605,
            "max": 145.80000364780426,
            "count": 50
        },
        "KartController.Policy.GailReward.mean": {
            "value": 60.00510179217566,
            "min": 43.36261247494258,
            "max": 72.70208138267094,
            "count": 50
        },
        "KartController.Policy.GailReward.sum": {
            "value": 3300.2805985696614,
            "min": 2690.2409241199493,
            "max": 3587.5813776776195,
            "count": 50
        },
        "KartController.IsTraining.mean": {
            "value": 1.0,
            "min": 1.0,
            "max": 1.0,
            "count": 50
        },
        "KartController.IsTraining.sum": {
            "value": 1.0,
            "min": 1.0,
            "max": 1.0,
            "count": 50
        },
        "KartController.Losses.PolicyLoss.mean": {
            "value": 0.05055162332331141,
            "min": 0.04103987719475602,
            "max": 0.054942499190413704,
            "count": 48
        },
        "KartController.Losses.PolicyLoss.sum": {
            "value": 0.05055162332331141,
            "min": 0.04103987719475602,
            "max": 0.054942499190413704,
            "count": 48
        },
        "KartController.Losses.ValueLoss.mean": {
            "value": 20.367502133051556,
            "min": 17.449410128593446,
            "max": 24.590836763381958,
            "count": 48
        },
        "KartController.Losses.ValueLoss.sum": {
            "value": 20.367502133051556,
            "min": 17.449410128593446,
            "max": 24.590836763381958,
            "count": 48
        },
        "KartController.Policy.LearningRate.mean": {
            "value": 4.330298556599983e-06,
            "min": 4.330298556599983e-06,
            "max": 0.0002938518020494,
            "count": 48
        },
        "KartController.Policy.LearningRate.sum": {
            "value": 4.330298556599983e-06,
            "min": 4.330298556599983e-06,
            "max": 0.0002938518020494,
            "count": 48
        },
        "KartController.Policy.Epsilon.mean": {
            "value": 0.10144339999999998,
            "min": 0.10144339999999998,
            "max": 0.1979506,
            "count": 48
        },
        "KartController.Policy.Epsilon.sum": {
            "value": 0.10144339999999998,
            "min": 0.10144339999999998,
            "max": 0.1979506,
            "count": 48
        },
        "KartController.Policy.Beta.mean": {
            "value": 1.707265999999997e-05,
            "min": 1.707265999999997e-05,
            "max": 0.0004899579399999999,
            "count": 48
        },
        "KartController.Policy.Beta.sum": {
            "value": 1.707265999999997e-05,
            "min": 1.707265999999997e-05,
            "max": 0.0004899579399999999,
            "count": 48
        },
        "KartController.Policy.GAILPolicyEstimate.mean": {
            "value": 0.4215696692466736,
            "min": 0.3768567281464736,
            "max": 0.45616963480909667,
            "count": 48
        },
        "KartController.Policy.GAILPolicyEstimate.sum": {
            "value": 0.4215696692466736,
            "min": 0.3768567281464736,
            "max": 0.45616963480909667,
            "count": 48
        },
        "KartController.Policy.GAILExpertEstimate.mean": {
            "value": 0.5768975675106048,
            "min": 0.5483246624469758,
            "max": 0.6168720935781796,
            "count": 48
        },
        "KartController.Policy.GAILExpertEstimate.sum": {
            "value": 0.5768975675106048,
            "min": 0.5483246624469758,
            "max": 0.6168720935781796,
            "count": 48
        },
        "KartController.Losses.GAILLoss.mean": {
            "value": 1.1981629292170206,
            "min": 1.0788952916860581,
            "max": 1.2736069480578105,
            "count": 48
        },
        "KartController.Losses.GAILLoss.sum": {
            "value": 1.1981629292170206,
            "min": 1.0788952916860581,
            "max": 1.2736069480578105,
            "count": 48
        },
        "KartController.Policy.GAILGradMagLoss.mean": {
            "value": 0.006034760976520678,
            "min": 0.004529317431539918,
            "max": 0.0355783474088336,
            "count": 48
        },
        "KartController.Policy.GAILGradMagLoss.sum": {
            "value": 0.006034760976520678,
            "min": 0.004529317431539918,
            "max": 0.0355783474088336,
            "count": 48
        },
        "KartController.Losses.PretrainingLoss.mean": {
            "value": 0.17523631527491496,
            "min": 0.17523631527491496,
            "max": 0.18515837065717008,
            "count": 48
        },
        "KartController.Losses.PretrainingLoss.sum": {
            "value": 0.17523631527491496,
            "min": 0.17523631527491496,
            "max": 0.18515837065717008,
            "count": 48
        }
    },
    "metadata": {
        "timer_format_version": "0.1.0",
        "start_time_seconds": "1635180890",
        "python_version": "3.7.9 (tags/v3.7.9:13c94747c7, Aug 17 2020, 18:58:18) [MSC v.1900 64 bit (AMD64)]",