{
    "name": "root",
    "gauges": {
        "KartController.Policy.Entropy.mean": {
            "value": 1.3567771911621094,
            "min": 1.1852654218673706,
            "max": 1.3912513256072998,
            "count": 10
        },
        "KartController.Policy.Entropy.sum": {
            "value": 67940.6171875,
            "min": 59399.57421875,
            "max": 69534.7421875,
            "count": 10
        },
        "KartController.Step.mean": {
            "value": 499995.0,
            "min": 49980.0,
            "max": 499995.0,
            "count": 10
        },
        "KartController.Step.sum": {
            "value": 499995.0,
            "min": 49980.0,
            "max": 499995.0,
            "count": 10
        },
        "KartController.Policy.ExtrinsicValueEstimate.mean": {
            "value": 3.0780396461486816,
            "min": 2.8219778537750244,
            "max": 3.3544514179229736,
            "count": 10
        },
        "KartController.Policy.ExtrinsicValueEstimate.sum": {
            "value": 2607.099609375,
            "min": 2373.283447265625,
            "max": 2827.802490234375,
            "count": 10
        },
        "KartController.Environment.EpisodeLength.mean": {
            "value": 343.99310344827586,
            "min": 343.99310344827586,
            "max": 432.3813559322034,
            "count": 10
        },
        "KartController.Environment.EpisodeLength.sum": {
            "value": 49879.0,
            "min": 48768.0,
            "max": 51021.0,
            "count": 10
        },
        "KartController.Environment.CumulativeReward.mean": {
            "value": 13.755172413793103,
            "min": 13.755172413793103,
            "max": 16.033898305084747,
            "count": 10
        },
        "KartController.Environment.CumulativeReward.sum": {
            "value": 1994.5,
            "min": 1781.0,
            "max": 2034.5,
            "count": 10
        },
        "KartController.Policy.ExtrinsicReward.mean": {
            "value": 13.755172413793103,
            "min": 13.755172413793103,
            "max": 16.033898305084747,
            "count": 10
        },
        "KartController.Policy.ExtrinsicReward.sum": {
            "value": 1994.5,
            "min": 1781.0,
            "max": 2034.5,
            "count": 10
        },
        "KartController.Losses.PolicyLoss.mean": {
            "value": 0.023827372866411074,
            "min": 0.0208247731680846,
            "max": 0.025515619093688054,
            "count": 10
        },
        "KartController.Losses.PolicyLoss.sum": {
            "value": 0.11913686433205536,
            "min": 0.09490730074467138,
            "max": 0.12757809546844026,
            "count": 10
        },
        "KartController.Losses.ValueLoss.mean": {
            "value": 0.2784885710477829,
            "min": 0.2784885710477829,
            "max": 0.41101422781745595,
            "count": 10
        },
        "KartController.Losses.ValueLoss.sum": {
            "value": 1.3924428552389145,
            "min": 1.3064066976308824,
            "max": 1.7857684652010601,
            "count": 10
        },
        "KartController.Policy.LearningRate.mean": {
            "value": 1.639089453640001e-05,
            "min": 1.639089453640001e-05,
            "max": 0.0002845536051488,
            "count": 10
        },
        "KartController.Policy.LearningRate.sum": {
            "value": 8.195447268200004e-05,
            "min": 8.195447268200004e-05,
            "max": 0.0012841572719476,
            "count": 10
        },
        "KartController.Policy.Epsilon.mean": {
            "value": 0.10546359999999999,
            "min": 0.10546359999999999,
            "max": 0.19485120000000006,
            "count": 10
        },
        "KartController.Policy.Epsilon.sum": {
            "value": 0.527318,
            "min": 0.49994039999999995,
            "max": 0.9280524000000001,
            "count": 10
        },
        "KartController.Policy.Beta.mean": {
            "value": 0.00028263364000000017,
            "min": 0.00028263364000000017,
            "max": 0.00474307488,
            "count": 10
        },
        "KartController.Policy.Beta.sum": {
            "value": 0.0014131682000000007,
            "min": 0.0014131682000000007,
            "max": 0.02140981476,
            "count": 10
        },
        "KartController.IsTraining.mean": {
            "value": 1.0,
            "min": 1.0,
            "max": 1.0,
            "count": 10
        },
        "KartController.IsTraining.sum": {
            "value": 1.0,
            "min": 1.0,
            "max": 1.0,
            "count": 10
        }
    },
    "metadata": {
        "timer_format_version": "0.1.0",
        "start_time_seconds": "1635710709",
        "python_version": "3.7.9 (tags/v3.7.9:13c94747c7, Aug 17 2020, 18:58:18) [MSC v.1900 64 bit (AMD64)]",
        "command_line_arguments": "C:\\Users\\JohnB\\Unity\\Projeto TCC\\catbox-racing\\catbox-racing\\venv\\Scripts\\mlagents-learn --initialize-from Teste11_RL9 --run-id Teste11_RL10",
        "mlagents_version": "0.27.0",
        "mlagents_envs_version": "0.27.0",
        "communication_protocol_version": "1.5.0",
        "pytorch_version": "1.7.1+cu110",
        "numpy_version": "1.21.2",
        "end_time_seconds": "1635711947"
    },
    "total": 1238.3394772,
    "count": 1,
    "self": 0.01765439999985574,
    "children": {
        "run_training.setup": {
            "total": 0.1688835000000002,
            "count": 1,
            "self": 0.1688835000000002
        },
        "TrainerController.start_learning": {
            "total": 1238.1529393,
            "count": 1,
            "self": 2.7992414000002555,
            "children": {
                "TrainerController._reset_env": {
                    "total": 21.322858999999998,
                    "count": 1,
                    "self": 21.322858999999998
                },
                "TrainerController.advance": {
                    "total": 1213.7803343999997,
                    "count": 100049,
                    "self": 2.9065254000277037,
                    "children": {
                        "env_step": {
                            "total": 974.3749899000138,
                            "count": 100049,
                            "self": 747.1616134999966,
                            "children": {
                                "SubprocessEnvManager._take_step": {
                                    "total": 225.41540980001406,
                                    "count": 100049,
                                    "self": 7.435740600016288,
                                    "children": {
                                        "TorchPolicy.evaluate": {
                                            "total": 217.97966919999777,
                                            "count": 100049,
                                            "self": 35.956172699976094,
                                            "children": {
                                                "TorchPolicy.sample_actions": {
                                                    "total": 182.02349650002168,
                                                    "count": 100049,
                                                    "self": 182.02349650002168
                                                }
                                            }
                                        }
                                    }
                                },
                                "workers": {
                                    "total": 1.7979666000031251,
                                    "count": 100049,
                                    "self": 0.0,
                                    "children": {
                                        "worker_root": {
                                            "total": 1212.2243044000002,